{"balanced_accuracy": 0.8523906897553059, "macro_f1": 0.8505165390112682, "weighted_f1": 0.8565372167864642}