{"train_losses": [1.430400739346061, 0.6466398122517959, 0.538210849698172, 0.4767312485737147, 0.42945730526710435, 0.40621556555945737, 0.38839354485672056, 0.3627366619963311, 0.33729849135297596, 0.3277954918933553, 0.31134184738963744, 0.30291314317181356, 0.2950436215486415, 0.27919178775022657, 0.27925727226114194], "test_losses": [0.6977736451908162, 0.5419153498583719, 0.5209139174487638, 0.49055995694116544, 0.46256952068621393, 0.4535712994586088, 0.44999804982523384, 0.44648167520369353, 0.44343170535897736, 0.43908157488208654, 0.44086625106559185, 0.4437237076559349, 0.4461589286373438, 0.44496151955957575, 0.4540785593746573]}