{"train_losses": [1.3504964231960173, 0.6445825838138094, 0.5382964545229909, 0.484569244349229, 0.44966028093645566, 0.4205819951688371, 0.40099901932122584, 0.3739579301377945, 0.3560478020267596, 0.34190020932333903, 0.33544501335155674, 0.3228743830670509, 0.31713123825507433, 0.29993130945093266, 0.29411825988956586], "test_losses": [0.7120445100690729, 0.5901473607587558, 0.5455527507489727, 0.5153253340232437, 0.4962454595032238, 0.5064850850130922, 0.49324760762273623, 0.4821166202265729, 0.47487944536792337, 0.4746826116235987, 0.49177447468122487, 0.46553434355444806, 0.47679329845773916, 0.4915696476656263, 0.475102395740568]}