{"balanced_accuracy": 0.84897747033447, "macro_f1": 0.8471910790010211, "weighted_f1": 0.8489530018754597}