{"train_losses": [1.700265965252011, 1.0341257012828633, 0.9206065525887189, 0.862553109932277, 0.8192863772036852, 0.7815539097344434, 0.7495191367688002, 0.7322563928448491, 0.7079589322761253, 0.6927447577386543], "test_losses": [1.0258135215951762, 0.8966203914322984, 0.8508276173827845, 0.8430201392108148, 0.8237482870527364, 0.8197057243402398, 0.8141342628439632, 0.783485331564048, 0.7993983335177833, 0.782992327500374]}