{"train_losses": [1.4884462472601014, 0.6941012086682632, 0.5768367199868453, 0.5171487678880574, 0.4766306115589181, 0.44480148281474585, 0.416878784930364, 0.4020391339588849, 0.3755394524787782, 0.35973426266039005], "test_losses": [0.8087702131559772, 0.645917356254593, 0.5997268501068315, 0.5757604377764848, 0.5462559820903886, 0.5323698830700689, 0.5113632260190863, 0.5213838787448983, 0.5289165047147582, 0.5024426915352384]}