{"balanced_accuracy": 0.8571630181818832, "macro_f1": 0.8613011629720897, "weighted_f1": 0.869097803267208}