{"balanced_accuracy": 0.8894966520482922, "weighted_f1": 0.9004429404580646, "top3_accuracy": 0.9704201680672269}