{"train_losses": [0.2528458313668162, 0.23181168450835113, 0.22663299072039159, 0.21003431506798195, 0.2045799530335881], "test_losses": [0.3968997423847516, 0.38891002086181475, 0.37731738023019284, 0.3731325202651562, 0.3700821138517831]}