{"balanced_accuracy": 0.8928061719777616, "weighted_f1": 0.8985531447627636, "top3_accuracy": 0.9710924369747899}