{"train_losses": [1.5962044710808612, 0.5869533305472516, 0.4676850228867632, 0.41203828568154194, 0.3605806374169411, 0.3327680166731489, 0.3118747263512713, 0.28909166569405415, 0.27743355295759564, 0.2663105196775274, 0.25120020673630084, 0.24023124226864348, 0.23174971881064962, 0.21787819266319275, 0.21551501180263274, 0.20405900129612456, 0.19928299746614822, 0.19519314613748104, 0.18248351774317154, 0.17346197794726553, 0.17425683457800684, 0.16550199132650456, 0.16348933428525925, 0.1568144849957304, 0.15515451925866147, 0.1477260914571742], "test_losses": [0.7254387984673182, 0.5490037947893143, 0.49258066713809967, 0.4584913005431493, 0.42625458786884945, 0.4161002164085706, 0.4024619261423747, 0.38532115270694095, 0.39162114759286243, 0.3773312990864118, 0.3766538202762604, 0.3657507834335168, 0.36646004021167755, 0.3675796240568161, 0.3635994767149289, 0.3624848984181881, 0.3525433987379074, 0.3622265135248502, 0.35084999973575276, 0.3524732440710068, 0.3446587659418583, 0.359236524750789, 0.3487563456098239, 0.34945105761289597, 0.3477335249384244, 0.34510205934445065]}