{"train_losses": [1.0355345892145278, 0.2948171761124692, 0.22529782164604106, 0.18736128144441766, 0.16229139046466096, 0.14392191171646118, 0.1281247448096884, 0.11649257800680526, 0.10608908217004005, 0.09621502474901523, 0.08740063629885937, 0.08022485681353732, 0.07392555990434707, 0.07018114309361641, 0.06543178834575922, 0.06001098537223136, 0.05834088395250604, 0.05462338585168757, 0.05180995871729039, 0.048050880115082927], "test_losses": [0.3670315071940422, 0.28649091968933743, 0.2565327001114686, 0.23893792058030763, 0.2203322028120359, 0.2137113163868586, 0.20621296390891075, 0.19865619080762068, 0.19427615155776343, 0.19251823797821999, 0.19246362211803594, 0.18880330212414265, 0.18860761386652788, 0.187969954063495, 0.18369169781605402, 0.18460500674943128, 0.1841733275602261, 0.1858653649687767, 0.18387938601275286, 0.18520913583536944]}