{"balanced_accuracy": 0.9397638449227635, "weighted_f1": 0.9443874846504008, "top3_accuracy": 0.9878991596638655}